安徽, anhui
北京, beijing
重庆, chongqing
福建, fujian
甘肃, gansu
广东, guangdong
广西, guangxi
贵州, guizhou
海南, hainan
河北, hebei
黑龙江, heilongjiang
河南, henan
香港, hongkong
湖北, hubei
湖南, hunan
内蒙古, neimenggu
江苏, jiangsu
江西, jiangxi
吉林, jilin
辽宁, liaoning
澳门, macau
宁夏, ningxia
青海, qinghai
陕西, shaanxi
山东, shandong
上海, shanghai
山西, shanxi
四川, sichuan
台湾, taiwan
天津, tianjin
新疆, xinjiang
云南, yunnan
浙江, zhejiang
西藏, xizang
美国,us
泰国,thailand
新加坡,singapore
日本,japan
马来西亚,malaysia
澳大利亚,australia
韩国,south korea
法国,france
德国,germany
越南,vietnam
加拿大,canada
尼泊尔,nepal
柬埔寨,cambodia
斯里兰卡,sri lanka
菲律宾,philippines
阿联酋,united arab
英国,uk
印度,india
俄罗斯,russia
意大利,italy
比利时,belgium
西班牙,spain
瑞典,sweden
芬兰,finland
埃及,egypt
伊朗,iran
科威特,kuwait
阿曼,oman
巴林,bahrain
以色列,israel
阿富汗,afghanistan
伊拉克,iraq
黎巴嫩,lebanon
巴西,brazil
奥地利,austria
克罗地亚,croatia
瑞士,switzerland
阿尔及利亚,algeria
巴基斯坦,pakistan
希腊,greece
爱沙尼亚,estonia
罗马尼亚,romania
北马其顿,north macedonia
挪威,norway
格鲁吉亚,georgia
阿塞拜疆,azerbaijian
白俄罗斯,belarus
新西兰,new zealand
立陶宛,lithuania
荷兰,netherlands
丹麦,denmark
圣马力诺,san marino
摩纳哥,monaco
冰岛,iceland
尼日利亚,nigeria
厄瓜多尔,ecuador
卢森堡,luxembourg
多米尼加共和国,dominican republic
墨西哥,mexico
捷克,czechia
爱尔兰,ireland
印度尼西亚, indonesia
哥伦比亚,colombia
