id,from,to,flight,time,flat,flng,tlat,tlng,source
0,OZ323,2020-02-29,首尔,成都,https://m.weibo.cn/status/4477441911458278?openApp=1&lfid=sougousousuo_9999_01&wm=90091_90002&download=0
1,EK450,2020-02-26,伊朗,新西兰,https://m.weibo.cn/status/4476936703452050?openApp=1&lfid=sougousousuo_9999_01&wm=90091_90002&download=0
2,OZ349,2020-02-25,首尔,南京,https://m.weibo.cn/status/4476154226140250?openApp=1&lfid=sougousousuo_9999_01&wm=90091_90002&download=0
3,7C8501,2020-02-25,仁川,威海,https://m.weibo.cn/status/4476292550733025?openApp=1&lfid=sougousousuo_9999_01&wm=90091_90002&download=0
4,SU204,2020-02-24,莫斯科,北京,https://m.weibo.cn/status/4477301075219619?openApp=1&lfid=sougousousuo_9999_01&wm=90091_90002&download=0
5,SU513,2020-02-24,德黑兰,莫斯科,https://m.weibo.cn/status/4477301075219619?openApp=1&lfid=sougousousuo_9999_01&wm=90091_90002&download=0
6,LY382,2020-02-23,米兰,以色列,https://m.weibo.cn/status/4477015518735105?openApp=1&lfid=sougousousuo_9999_01&wm=90091_90002&download=0
7,SU206,2020-02-20,莫斯科,上海,https://m.weibo.cn/status/4476342559517765?openApp=1&lfid=sougousousuo_9999_01&wm=90091_90002&download=0
8,SU513,2020-02-19,伊朗,莫斯科,https://m.weibo.cn/status/4476316516792875?openApp=1&lfid=sougousousuo_9999_01&wm=90091_90002&download=0
9,AQ1275,2020-02-16,广州,兰州,https://m.weibo.cn/status/4475442931185101?openApp=1&lfid=sougousousuo_9999_01&wm=90091_90002&download=0
10,AQ1276,2020-02-16,,江西,https://m.weibo.cn/status/4475442931185101?openApp=1&lfid=sougousousuo_9999_01&wm=90091_90002&download=0
11,KE958,2020-02-16,以色列,仁川,http://www.chinanews.com/gj/2020/02-26/9105286.shtml
12,MU2416,2020-02-10,北京,兰州,https://m.weibo.cn/1791298665/4473138936764424
13,SC4909,2020-02-09,青岛,南昌,https://baijiahao.baidu.com/s?id=1658399645101527513&wfr=spider&for=pc
14,G52759,2020-02-08,重庆,沈阳,https://m.weibo.cn/status/4471810936458667?openApp=1&lfid=sougousousuo_9999_01&wm=90091_90002&download=0
15,CZ6218,2020-02-05,北京,哈尔滨,https://mp.weixin.qq.com/s/_DWkRVmiNyne5Ui1k-l7TA
16,CZ3013,2020-02-02,大连,台湾,https://weibo.com/3260025321/It5DKhJau?refer_flag=1001030103_&type=comment#_rnd1581055651380
17,MF826,2020-02-02,巴黎,长乐机场,http://www.taihainet.com/news/fujian/gcdt/2020-02-06/2352840_2.html
18,HU7685,2020-02-02,海南,郑州,https://m.weibo.cn/status/4472262763622538?openApp=1&lfid=sougousousuo_9999_01&wm=90091_90002&download=0
19,CZ6203,2020-02-01,哈尔滨,北京,https://mp.weixin.qq.com/s/_DWkRVmiNyne5Ui1k-l7TA
20,JD5841,2020-01-31,海口,长春,http://www.jl.gov.cn/szfzt/jlzxd/tzgg/202002/t20200208_6829045.html
21,HU7716,2020-01-31,聊城,深圳,https://new.qq.com/rain/a/20200213A018QR00
22,DZ6294,2020-01-30,重庆,南通,https://m.weibo.cn/status/4466728639262040?openApp=1&lfid=sougousousuo_9999_01&wm=90091_90002&download=0
23,ZH9543,2020-01-30,无锡,成都,https://m.weibo.cn/status/4467560940156968?openApp=1&lfid=sougousousuo_9999_01&wm=90091_90002&download=0
24,8L840,2020-01-30,吉隆坡,丽江,https://m.weibo.cn/status/4468220561600812?openApp=1&lfid=sougousousuo_9999_01&wm=90091_90002&download=0
25,CZ2732,2020-01-30,泸沽湖机场,重庆,https://baijiahao.baidu.com/s?id=1657547078582898525&wfr=spider&for=pc
26,QW6042,2020-01-29,南宁机场,郑州机场,https://weibo.com/3950759014/ItvkV5YBS?refer_flag=1001030103_&type=comment#_rnd1581320482336
27,QW6064,2020-01-29,泰国普吉岛,郑州,https://mp.weixin.qq.com/s/arSpzLD1RoWv7tYFwJxhqw
28,CZ6248,2020-01-29,郑州,哈尔滨,https://weibo.com/3950759014/ItvkV5YBS?refer_flag=1001030103_&type=comment#_rnd1581320482336
29,CZ3767,2020-01-28,珠海,成都,https://m.weibo.cn/status/4468160939492752?openApp=1&lfid=sougousousuo_9999_01&wm=90091_90002&download=0
30,ZH9734,2020-01-28,海口,南昌,https://m.weibo.cn/status/4468211854279872?openApp=1&lfid=sougousousuo_9999_01&wm=90091_90002&download=0
31,VN704,2020-01-28,越南,郑州,https://wap.peopleapp.com/article/5098032/4993697
32,GA858,2020-01-28,巴厘岛,上海,https://m.weibo.cn/2104669543/4468971035837639
33,CZ3385,2020-01-28,广州,兰州,https://mp.weixin.qq.com/s/RPfahGQ_Gg483fv3Bah4BQ
34,GX8976,2020-01-28,洛阳,三亚,https://mp.weixin.qq.com/s/vAP7K76x6btaGWiGgA8RlQ
35,CZ8312,2020-01-28,扎幌,大连,https://m.weibo.cn/1883380227/4468697815426087
36,VN474,2020-01-28,越南,沈阳,https://m.weibo.cn/status/4470108401244299?openApp=1&lfid=sougousousuo_9999_01&wm=90091_90002&download=0
37,MF8019,2020-01-28,青岛,牡丹江,https://weibo.com/2753006425/ItRfl7Rlu?refer_flag=1001030103_&type=comment#_rnd1581491751235
38,FM9137,2020-01-28,郑州,银川,http://www.nxgy.gov.cn/xwzx/bmtx/202002/t20200212_1951975.html
39,CZ6100,2020-01-28,泰国,南宁,https://mp.weixin.qq.com/s/arSpzLD1RoWv7tYFwJxhqw
40,HU7755,2020-01-28,深圳,郑州,https://mp.weixin.qq.com/s/arSpzLD1RoWv7tYFwJxhqw
41,ZH9903,2020-01-28,深圳,济南,https://new.qq.com/rain/a/20200213A018QR00
42,A67273,2020-01-27,昆明,芒市,https://m.weibo.cn/status/4466791575051759?openApp=1&lfid=sougousousuo_9999_01&wm=90091_90002&download=0
43,TT556,2020-01-27,墨尔本,黄金海岸,https://m.weibo.cn/status/4466689741635909?openApp=1&lfid=sougousousuo_9999_01&wm=90091_90002&download=0
44,JD5859,2020-01-27,北京,南昌,https://mp.weixin.qq.com/s/HYcnAc-G5GpgEGFJSPsZBg
45,KA694,2020-01-27,香港,海口,https://m.weibo.cn/status/4467593669102378?openApp=1&lfid=sougousousuo_9999_01&wm=90091_90002&download=0
46,CZ6766,2020-01-27,上海,海口,https://m.jiemian.com/article/3939138.html
47,TR114,2020-01-27,新加坡,南宁,http://wsjkw.gxzf.gov.cn/zhuantiqu/ncov/ncovfkgz/2020/0203/68329.html
48,CZ3219,2020-01-27,广州,西安,https://m.weibo.cn/status/4468708934458196?openApp=1&lfid=sougousousuo_9999_01&wm=90091_90002&download=0
49,VJ5270,2020-01-27,越南芽庄,合肥,http://zwgk.hefei.gov.cn/public/19311/104669049.html
50,D7346,2020-01-27,吉隆坡,西安,https://m.weibo.cn/status/4469730079819035?openApp=1&lfid=sougousousuo_9999_01&wm=90091_90002&download=0
51,G54856,2020-01-27,拉邦,重庆,https://mp.weixin.qq.com/s/rUWpiqkjD80NAkHXtWqYsw
52,SC/CA4786,2020-01-27,长沙黄花,厦门高崎,https://mp.weixin.qq.com/s/arSpzLD1RoWv7tYFwJxhqw
53,MU2986,2020-01-27,昆明,无锡,http://www.yn.gov.cn/ztgg/yqfk/jjxr/202002/t20200217_189821.html
54,TR134,2020-01-26,新加坡,西安,http://app.cctv.com/special/cportal/detail/arti/index.html?id=ArtiqZuRedYYUPv6wE7gpIad200126&fromapp=cctvnews&version=803&allow_comment=1
55,FD428,2020-01-26,泰国芭提雅,贵阳,https://m.weibo.cn/1973634817/4465340043663624
56,SL922,2020-01-26,曼谷,南京,https://m.weibo.cn/status/4465369836180550?openApp=1&lfid=sougousousuo_9999_01&wm=90091_90002&download=0
57,FD326,2020-01-26,曼谷,南京,https://m.weibo.cn/2656274875/4465368288873938
58,MU2706,2020-01-26,昆明,南京,https://m.weibo.cn/status/4468212102567951?openApp=1&lfid=sougousousuo_9999_01&wm=90091_90002&download=0
59,CZ6406,2020-01-26,昆明,沈阳,http://www.yingkou.gov.cn/001/001002/001002001/20200204/c5fbbd0a-ec77-44cb-9951-90113d63614f.html
60,MF8148,2020-01-26,北京,长沙,https://wap.peopleapp.com/article/rmh11215778/rmh11215778
61,CA4385,2020-01-26,贵阳,郑州,https://mp.weixin.qq.com/s/RPfahGQ_Gg483fv3Bah4BQ
62,CZ6481,2020-01-26,深圳,哈尔滨,https://mp.weixin.qq.com/s/RPfahGQ_Gg483fv3Bah4BQ
63,CZ6567,2020-01-26,郑州,重庆,https://mp.weixin.qq.com/s/u5x_ZbqJJ-GBTDJ3UJiSdw
64,GS6635,2020-01-26,呼和浩特,沈阳,https://mp.weixin.qq.com/s/D1y5bj-w3B3AxDVP_eCnKA
65,MF870,2020-01-26,,哈尔滨,https://card.weibo.com/article/m/show/id/2309404468372174668152?_wb_client_=1
66,TR106,2020-01-26,新加坡,广州,https://m.weibo.cn/status/4470399095619339?openApp=1&lfid=sougousousuo_9999_01&wm=90091_90002&download=0
67,D7318,2020-01-26,吉隆坡,天津,https://news.html5.qq.com/share/714884605039251776
68,G52805,2020-01-26,重庆,万象,https://mp.weixin.qq.com/s/rUWpiqkjD80NAkHXtWqYsw
69,MU5450,2020-01-26,昆明,重庆,https://mp.weixin.qq.com/s/rUWpiqkjD80NAkHXtWqYsw
70,CZ6404,2020-01-26,云南,桃仙机场,https://m.weibo.cn/status/4470731381642862?
71,CZ3968,2020-01-26,上海浦东,长沙黄花,https://mp.weixin.qq.com/s/arSpzLD1RoWv7tYFwJxhqw
72,CZ3774,2020-01-26,济南遥墙,常德桃花源,https://mp.weixin.qq.com/s/arSpzLD1RoWv7tYFwJxhqw
73,MF8184,2020-01-26,北京,长沙,https://baijiahao.baidu.com/s?id=1657519110595051038&wfr=spider&for=pc
74,AK1574,2020-01-25,沙巴,杭州,https://m.weibo.cn/status/4465029694660443?openApp=1&lfid=sougousousuo_9999_01&wm=90091_90002&download=0
75,8L9564,2020-01-25,杭州,赣州,https://mp.weixin.qq.com/s/f2DB2Ig3XdDqHvSuus6BoQ
76,OD688,2020-01-25,沙巴,天津,https://m.weibo.cn/2258727970/4466483691910674
77,GJ8876,2020-01-25,珠海,沈阳,https://m.weibo.cn/status/4466433385447534?openApp=1&lfid=sougousousuo_9999_01&wm=90091_90002&download=0
78,TR188,2020-01-25,新加坡,杭州,https://m.weibo.cn/status/4465122409542445?openApp=1&lfid=sougousousuo_9999_01&wm=90091_90002&download=0
79,SC4767,2020-01-25,重庆,济南,https://m.weibo.cn/status/4467571686184607?openApp=1&lfid=sougousousuo_9999_01&wm=90091_90002&download=0
80,MU7366,2020-01-25,长白山,杭州,https://m.weibo.cn/status/4467922674243469?openApp=1&lfid=sougousousuo_9999_01&wm=90091_90002&download=0
81,A67340,2020-01-25,景洪,昆明,http://www.yingkou.gov.cn/001/001002/001002001/20200204/c5fbbd0a-ec77-44cb-9951-90113d63614f.html
82,CZ5261,2020-01-25,广州,徐州,https://m.weibo.cn/status/4468330008392676?openApp=1&lfid=sougousousuo_9999_01&wm=90091_90002&download=0
83,CZ2787,2020-01-25,大理,贵阳,https://mp.weixin.qq.com/s/RPfahGQ_Gg483fv3Bah4BQ
84,GJ8735,2020-01-25,深圳,恩施,https://mp.weixin.qq.com/s?__biz=MzA5MDQyMjExNA==&mid=2651869354&idx=1&sn=4fbc0ba233b0351b53a2d23e904cf7cb
85,MF8013,2020-01-25,厦门,长春,http://www.jl.gov.cn/szfzt/jlzxd/tzgg/202002/t20200208_6829045.html
86,MF8333,2020-01-25,厦门,长沙,https://weibo.com/6082269211/IsXLels1W?refer_flag=1001030103_&type=comment#_rnd1581060782768
87,3U8593,2020-01-25,重庆,常州,https://mp.weixin.qq.com/s/qhq2GIYzk1Dia0Ylr26w9A
88,PN6398,2020-01-25,昆明,郑州,https://mp.weixin.qq.com/s/arSpzLD1RoWv7tYFwJxhqw
89,JT8358,2020-01-25,越南,长沙,https://mp.weixin.qq.com/s/arSpzLD1RoWv7tYFwJxhqw
90,FM9400,2020-01-25,长沙黄花,上海虹桥,https://mp.weixin.qq.com/s/arSpzLD1RoWv7tYFwJxhqw
91,BK2765,2020-01-25,长沙黄花,厦门高崎,https://mp.weixin.qq.com/s/arSpzLD1RoWv7tYFwJxhqw
92,MU2568,2020-01-25,曼德勒,昆明,https://weibo.com/1761616742/ItIvj6GgF?from=page_1001061761616742_profile&wvr=6&mod=weibotime&type=comment#_rnd1581674698737
93,MF9400,2020-01-25,长沙黄花,上海虹桥,https://view.inews.qq.com/a/20200214A091PS00?uid=news_news_antip&app=newslite
94,CZ6094,2020-01-25,泰国,深圳,http://wsjkw.hlj.gov.cn/index.php/Home/News/show/newsid/7824/navid/31/id/
95,MF8513,2020-01-25,厦门,南京,https://m.weibo.cn/6498676117/4468243425041256
96,TR188,2020-01-24,新加坡,杭州,https://m.weibo.cn/1847582585/4466065289331323
97,MU2046,2020-01-24,新加坡,烟台,https://m.weibo.cn/2011075080/4466032779177026
98,MF8263,2020-01-24,咸阳,固原,https://m.weibo.cn/5802042578/4467104491708312
99,CA1378,2020-01-24,三亚,北京,https://m.weibo.cn/status/4468534606223438?
100,CZ348,2020-01-24,法国戴高乐,广州,https://m.weibo.cn/status/4468331668809719?openApp=1&lfid=sougousousuo_9999_01&wm=90091_90002&download=0
101,ZH9657,2020-01-24,广州,烟台,https://m.weibo.cn/status/4468699795048687?openApp=1&lfid=sougousousuo_9999_01&wm=90091_90002&download=0
102,GJ8800,2020-01-24,越南芽庄,西安,https://mp.weixin.qq.com/s/RPfahGQ_Gg483fv3Bah4BQ
103,CA4030,2020-01-24,北京,成都,https://mp.weixin.qq.com/s/_DWkRVmiNyne5Ui1k-l7TA
104,QW6063,2020-01-24,郑州,泰国普吉岛,https://mp.weixin.qq.com/s/arSpzLD1RoWv7tYFwJxhqw
105,MU5576,2020-01-24,郑州,蓬莱,http://www.jiaodong.net/news/system/2020/01/31/013995397.shtml
106,MU2975,2020-01-24,无锡,昆明,https://baijiahao.baidu.com/s?id=1658769655048954587&wfr=spider&for=pc
107,ZH9058,2020-01-24,大阪,无锡,https://mp.weixin.qq.com/s/HZHS0YmF1jQNElfGY_xVsg
108,MF8093,2020-01-24,厦门,哈尔滨,http://www.harbin.gov.cn/art/2020/2/15/art_98_874618.html
109,8L9894,2020-01-23,武汉,昆明,https://m.weibo.cn/1389537561/4465840055535660
110,KY8357,2020-01-23,昆明,芒市,https://m.weibo.cn/status/4465655921741068?openApp=1&lfid=sougousousuo_9999_01&wm=90091_90002&download=0
111,CZ3695,2020-01-23,武汉,长春,https://m.weibo.cn/status/4466364725357971?
112,GJ8921,2020-01-23,襄阳,海口,https://m.weibo.cn/status/4467206874329783?openApp=1&lfid=sougousousuo_9999_01&wm=90091_90002&download=0
113,MU2501,2020-01-23,武汉,上海,https://m.jiemian.com/article/3939138.html
114,VN705,2020-01-23,郑州,越南,https://wap.peopleapp.com/article/5098032/4993697
115,CZ3749,2020-01-23,珠海,长春,http://wsjkw.jl.gov.cn/xwzx/xwfb/202002/t20200203_6672971.html
116,MF8487,2020-01-23,武汉,绵阳,https://mp.weixin.qq.com/s/nZs2FTneyJ2G-QibL_A0Cw
117,CA1781,2020-01-23,杭州,运城,https://m.weibo.cn/status/4468615237140162?openApp=1&lfid=sougousousuo_9999_01&wm=90091_90002&download=0
118,PN6388,2020-01-23,库尔勒,重庆,http://www.cqwl.gov.cn/ztlm/news/2020-2/2055_96337.shtml
119,SC4956,2020-01-23,长春,厦门,http://www.jl.gov.cn/szfzt/jlzxd/tzgg/202002/t20200208_6829045.html
120,9C8748,2020-01-23,泰国,长春,http://www.jl.gov.cn/szfzt/jlzxd/tzgg/202002/t20200208_6829045.html
121,Y87533,2020-01-23,上海,青岛,https://mp.weixin.qq.com/s/on7Qz8lIbjp-VtRa7kueBw
122,SC2153,2020-01-23,青岛,佳木斯,https://mp.weixin.qq.com/s/on7Qz8lIbjp-VtRa7kueBw
123,CZ6099,2020-01-23,南宁,泰国,https://mp.weixin.qq.com/s/arSpzLD1RoWv7tYFwJxhqw
124,GT1093,2020-01-23,郑州,西双版纳,https://mp.weixin.qq.com/s/arSpzLD1RoWv7tYFwJxhqw
125,MU2603,2020-01-23,武汉,贵阳,https://m.weibo.cn/status/4471164203712014?
126,CA8243,2020-01-23,武汉天河机场,贵阳,https://baijiahao.baidu.com/s?id=1658342976586296032&wfr=spider&for=pc
127,MU2014,2020-01-23,台湾,兰州,https://view.inews.qq.com/a/20200214A091PS00?uid=news_news_antip&app=newslite
128,ZH4751,2020-01-22,武汉,北京,http://app.cctv.com/special/cportal/detail/arti/index.html?id=Artij6Mxu79HlPCAa6xFd3Sk200126&fromapp=cctvnews&version=803&allow_comment=1
129,CA8255,2020-01-22,武汉,呼和浩特,https://mp.weixin.qq.com/s/f2DB2Ig3XdDqHvSuus6BoQ
130,KY8310,2020-01-22,武汉,腾冲,https://mp.weixin.qq.com/s/f2DB2Ig3XdDqHvSuus6BoQ
131,HU7659,2020-01-22,武汉,青岛,https://m.weibo.cn/2011075080/4465396859658456
132,HZ4933,2020-01-22,武汉,南宁,https://m.weibo.cn/1642512402/4465461791847524
133,SC4933,2020-01-22,武汉,南宁,https://mp.weixin.qq.com/s/f2DB2Ig3XdDqHvSuus6BoQ
134,CA8221,2020-01-22,武汉,成都,https://static.cdsb.com/micropub/Articles/202001/6339113dbe8ea64e9a4484635e42556f.html
135,9C8722,2020-01-22,日本,大连,https://m.weibo.cn/status/4465975825370805?openApp=1&lfid=sougousousuo_9999_01&wm=90091_90002&download=0
136,CZ6431,2020-01-22,武汉,西双版纳,http://app.cctv.com/special/cportal/detail/arti/index.html?id=Arti5UicxOr84Pxv4i2znvRD200129&fromapp=cctvnews&version=803&allow_comment=1
137,CZ6318,2020-01-22,武汉,南宁,https://m.weibo.cn/status/4466553511006992?display=0&retcode=6102
138,CZ3705,2020-01-22,武汉,长治,https://m.weibo.cn/status/4466384182255471?openApp=1&lfid=sougousousuo_9999_01&wm=90091_90002&download=0
139,KA853,2020-01-22,武汉,香港,https://m.weibo.cn/status/4466157144968382?openApp=1&lfid=sougousousuo_9999_01&wm=90091_90002&download=0
140,CZ311,2020-01-22,广州,多伦多,https://m.weibo.cn/status/4465501059194413?openApp=1&lfid=sougousousuo_9999_01&wm=90091_90002&download=0
141,JD5137,2020-01-22,武汉,济南,https://m.weibo.cn/status/4466480420898649?openApp=1&lfid=sougousousuo_9999_01&wm=90091_90002&download=0
142,JD5840,2020-01-22,武汉,丽江,https://m.weibo.cn/status/4466572330361927?openApp=1&lfid=sougousousuo_9999_01&wm=90091_90002&download=0
143,EU2738,2020-01-22,长沙,昆明,https://m.weibo.cn/status/4465658521242285?sudaref=m.weibo.cn&display=0&retcode=6102
144,8L9894,2020-01-22,武汉,昆明,https://m.weibo.cn/status/4466862114790178?openApp=1&lfid=sougousousuo_9999_01&wm=90091_90002&download=0
145,JD5528,2020-01-22,武汉,青岛,https://m.weibo.cn/status/4466836697995801?openApp=1&lfid=sougousousuo_9999_01&wm=90091_90002&download=0
146,TR115,2020-01-22,南宁,新加坡,https://m.weibo.cn/status/4467439377485552?openApp=1&lfid=sougousousuo_9999_01&wm=90091_90002&download=0
147,8L9870,2020-01-22,武汉,昆明,https://m.weibo.cn/status/4467612442318472?openApp=1&lfid=sougousousuo_9999_01&wm=90091_90002&download=0
148,JD5627,2020-01-22,武汉,沈阳,http://www.zgcy.gov.cn/ZGCY/zwgk/20200131/004001_44974b2c-b191-485a-8d9c-9edba5a9e32e.htm
149,9C8947,2020-01-22,上海,西安,http://news.cri.cn/20200204/528cb017-fd3c-4b9c-d8f9-6f18d46fcdb8.html
150,MU2527,2020-01-22,武汉,三亚,https://mp.weixin.qq.com/s?__biz=MzA5NjM1ODIzMA==&mid=2659066427&idx=1&sn=21ffe852f6a2c3947f7dae43e0f76912&chksm=8b3bd802bc4c5114d29706a89a4f11fc3d36e849ed822b21d940d839843cf2264a492159a0eb&mpshare=1&scene=1&srcid=&sharer_sharetime=1580629498751&sharer_sh
151,MF8332,2020-01-22,武汉,天津,https://m.weibo.cn/2332992900/4468220927103492
152,MU2646,2020-01-22,武汉,成都,http://www.sc.gov.cn/10462/c102251/2020/2/2/50d24dc91e6941c4a95aef809132246b.shtml
153,MU2681,2020-01-22,武汉,北海,http://wsjkw.gxzf.gov.cn/gzdt/bt/2020/0201/68200.html
154,GJ8876,2020-01-22,南昌,沈阳,http://www.yingkou.gov.cn/001/001002/001002001/20200204/c5fbbd0a-ec77-44cb-9951-90113d63614f.html
155,CZ6426,2020-01-22,武汉,大连,http://www.yingkou.gov.cn/001/001002/001002001/20200204/c5fbbd0a-ec77-44cb-9951-90113d63614f.html
156,EU1802/HO3461,2020-01-22,长沙,成都,https://mp.weixin.qq.com/s?__biz=MzA3NDA0NDMwMA==&mid=2650707863&idx=2&sn=655abdf21006805fecdc64bfe48ae832&chksm=870ff174b07878626eec515c36f3407d2d5d5479dad8ea18433a3bb5bdd281a16afd9a37e6e3&token=1403045348&lang=zh_CN#rd
157,CZ6516,2020-01-22,上海,沈阳,https://m.weibo.cn/status/4468360295606928?openApp=1&lfid=sougousousuo_9999_01&wm=90091_90002&download=0
158,CZ3842,2020-01-22,武汉,恩施,https://m.estv.com.cn/cms/v4/anonymous/api/app/content_detail_page.jspx?contentId=1908952&appid=com.cj.yun.esz&from=singlemessage
159,SC4876,2020-01-22,武汉,烟台,https://m.weibo.cn/status/4468240065777090?openApp=1&lfid=sougousousuo_9999_01&wm=90091_90002&download=0
160,MU2428,2020-01-22,武汉,昆明,http://www.cxshb.gov.cn/file_read.aspx?id=39473
161,KY8288,2020-01-22,武汉,昆明,https://mp.weixin.qq.com/s/RPfahGQ_Gg483fv3Bah4BQ
162,GS6526,2020-01-22,武汉天河机场,揭阳潮汕机场,https://m.weibo.cn/status/4468971439378102?openApp=1&lfid=sougousousuo_9999_01&wm=90091_90002&download=0
163,HU7640,2020-01-22,武汉,三亚,https://m.weibo.cn/status/4469047616025433?openApp=1&lfid=sougousousuo_9999_01&wm=90091_90002&download=0
164,VJ5271,2020-01-22,合肥,越南芽庄,http://zwgk.hefei.gov.cn/public/19311/104669049.html
165,MU5376,2020-01-22,重庆,信阳,https://mp.weixin.qq.com/s/u5x_ZbqJJ-GBTDJ3UJiSdw
166,MU2603,2020-01-22,武汉,恩施,https://mp.weixin.qq.com/s?__biz=MzA3Mzk4NzYxOQ==&mid=2651605803&idx=1&sn=12860bfd7b1c99e33fb6d2e321cd3f7c
167,HU7398,2020-01-22,武汉,海口,https://mp.weixin.qq.com/s/vAP7K76x6btaGWiGgA8RlQ
168,JD5628,2020-01-22,武汉,三亚,http://ex.chinadaily.com.cn/exchange/partners/82/rss/channel/cn/columns/j3u3t6/stories/WS5e3ea92ba3107bb6b579e0db.html
169,3U8049,2020-01-22,长沙,西昌,https://view.inews.qq.com/a/20200208A085OF00?uid=&chlid=news_news_cd&devid=280a563fd0821c2f&qimei=680a629031423918
170,MF8156,2020-01-22,太原,南京,https://mp.weixin.qq.com/s/8TdSUfw7kPNZIJK1W9w90Q
171,SC4785,2020-01-22,厦门,长沙,https://view.inews.qq.com/a/20200208A085OF00?uid=&chlid=news_news_cd&devid=280a563fd0821c2f&qimei=680a629031423918
172,CA4933,2020-01-22,武汉,南宁,https://m.weibo.cn/status/4470850033900677?openApp=1&lfid=sougousousuo_9999_01&wm=90091_90002&download=0
173,JD5588,2020-01-22,南宁,三亚,https://m.weibo.cn/status/4470850033900677?openApp=1&lfid=sougousousuo_9999_01&wm=90091_90002&download=0
174,CZ3845,2020-01-22,珠海,海口,http://ex.chinadaily.com.cn/exchange/partners/82/rss/channel/cn/columns/j3u3t6/stories/WS5e4399e0a3107bb6b579efdf.html
175,D7343,2020-01-22,西安,马来西亚,https://mp.weixin.qq.com/s/_DWkRVmiNyne5Ui1k-l7TA
176,SC4875,2020-01-22,武汉,贵阳,https://m.weibo.cn/status/4471164203712014?
177,9C8574,2020-01-22,曼谷,合肥,https://viewlite.inews.qq.com/a/20200201A05PXA00?app=newslite
178,MU5236,2020-01-22,杭州,太原,http://www.taiyuan.gov.cn/doc/2020/02/15/956907.shtml
179,CG6278,2020-01-22,武汉,哈尔滨,http://wsjkw.hlj.gov.cn/index.php/Home/News/show/newsid/7824/navid/31/id/
180,SC8734,2020-01-21,武汉,青岛,http://app.cctv.com/special/cportal/detail/arti/index.html?id=Artij6Mxu79HlPCAa6xFd3Sk200126&fromapp=cctvnews&version=803&allow_comment=1
181,CA8943,2020-01-21,大连,佳木斯,https://mp.weixin.qq.com/s/f2DB2Ig3XdDqHvSuus6BoQ
182,CZ6513,2020-01-21,武汉,大连,https://m.weibo.cn/status/4465064159835716?openApp=1&lfid=sougousousuo_9999_01&wm=90091_90002&download=0
183,CZ6643,2020-01-21,武汉,北海,https://mp.weixin.qq.com/s/f2DB2Ig3XdDqHvSuus6BoQ
184,CA8938,2020-01-21,昆明,大连,https://m.weibo.cn/status/4465615312398838?openApp=1&lfid=sougousousuo_9999_01&wm=90091_90002&download=0
185,MU2935,2020-01-21,常州,成都,https://static.cdsb.com/micropub/Articles/202001/6339113dbe8ea64e9a4484635e42556f.html
186,ZH9388,2020-01-21,郑州,南宁,https://wap.peopleapp.com/article/5085466/4980514
187,CZ8551,2020-01-21,武汉,兰州,https://m.weibo.cn/status/4466053210362997?openApp=1&lfid=sougousousuo_9999_01&wm=90091_90002&download=0
188,MU2621,2020-01-21,武汉,大同,https://wap.peopleapp.com/article/5084718/4979756
189,KY8232,2020-01-21,武汉,腾冲,https://m.weibo.cn/status/4466752534964286?openApp=1&lfid=sougousousuo_9999_01&wm=90091_90002&download=0
190,ZH9370,2020-01-21,武汉,南宁,https://m.weibo.cn/status/4465600107330535?display=0&retcode=6102
191,MU9657,2020-01-21,武汉,西宁,https://m.weibo.cn/status/4466463341463918?openApp=1&lfid=sougousousuo_9999_01&wm=90091_90002&download=0
192,3U8506,2020-01-21,福州,重庆,https://m.weibo.cn/status/4466853164834422?openApp=1&lfid=sougousousuo_9999_01&wm=90091_90002&download=0
193,JD5627,2020-01-21,武汉,沈阳,https://m.weibo.cn/status/4465762771634508?openApp=1&lfid=sougousousuo_9999_01&wm=90091_90002&download=0
194,DR6541,2020-01-21,无锡,哈尔滨,https://m.weibo.cn/status/4467157087966096?openApp=1&lfid=sougousousuo_9999_01&wm=90091_90002&download=0
195,Y87586,2020-01-21,武汉,海口,https://mp.weixin.qq.com/s?__biz=MjM5MjAxNDM4MA==&mid=2666293696&idx=1&sn=bafde3f8af8daaadf4ce48e041113738&chksm=bdb400838ac3899583a2e271d5d2b84576bc1562515f9b9ae4f24d7edc4080ff948429555e6c&mpshare=1&scene=1&srcid=&sharer_sharetime=1580537081967&sharer_sh
196,HU7581,2020-01-21,武汉,海口,https://m.weibo.cn/status/4467593669102378?openApp=1&lfid=sougousousuo_9999_01&wm=90091_90002&download=0
197,MU2527,2020-01-21,武汉,三亚,https://m.weibo.cn/status/4467632835122849?openApp=1&lfid=sougousousuo_9999_01&wm=90091_90002&download=0
198,ZH8309,2020-01-21,珠海,哈尔滨,https://m.weibo.cn/status/4467559057718900?openApp=1&lfid=sougousousuo_9999_01&wm=90091_90002&download=0
199,5J241,2020-01-21,香港,菲律宾,https://m.weibo.cn/status/4467827903584930?openApp=1&lfid=sougousousuo_9999_01&wm=90091_90002&download=0
200,KY8204,2020-01-21,南京,昆明,https://m.weibo.cn/status/4468212102567951?openApp=1&lfid=sougousousuo_9999_01&wm=90091_90002&download=0
201,8L9894,2020-01-21,武汉,昆明,https://weibo.com/3840904562/IsdBIEAwb?from=page_1001063840904562_profile&wvr=6&mod=weibotime&type=comment#_rnd1580700272621
202,CZ6423,2020-01-21,武汉,哈尔滨,http://www.hcxww.gov.cn/index.php?m=content&a=show&catid=1&id=5445
203,CZ3368,2020-01-21,武汉,广州,https://weibo.com/2081933265/IsExIunnJ?type=comment#_rnd1580815641936
204,MU2681,2020-01-21,武汉,北海,http://wsjkw.gxzf.gov.cn/gzdt/bt/2020/0130/68092.html
205,3U8725,2020-01-21,武汉,南宁,http://wsjkw.gxzf.gov.cn/gzdt/bt/2020/0201/68200.html
206,CZ3139,2020-01-21,武汉,北京,http://www.yingkou.gov.cn/001/001002/001002001/20200204/c5fbbd0a-ec77-44cb-9951-90113d63614f.html
207,3U8808,2020-01-21,沈阳,昆明,http://www.yingkou.gov.cn/001/001002/001002001/20200204/c5fbbd0a-ec77-44cb-9951-90113d63614f.html
208,ZH8308,2020-01-21,襄阳,沈阳桃仙机场,http://ln.people.com.cn/n2/2020/0201/c378317-33754587.html
209,CZ3541,2020-01-21,武汉,昆明,https://weibo.com/1662558237/IsdZhgUXM?refer_flag=1001030103_&type=comment#_rnd1580608903958
210,CZ6652,2020-01-21,武汉,海口,http://www.hnzhengfa.gov.cn/pinganhainan/show-5796.html
211,CZ6607,2020-01-21,武汉,十堰,https://mp.weixin.qq.com/s/KcOTPuP0mY__nsB_4IVshQ
212,MU2825,2020-01-21,南京,成都,https://weibo.com/3167104922/IsnDRiCUE?type=comment#_rnd1580964377952
213,MU2539,2020-01-21,武汉天河机场,重庆江北机场,https://m.weibo.cn/status/4468931924660602?openApp=1&lfid=sougousousuo_9999_01&wm=90091_90002&download=0
214,9C8620,2020-01-21,泰国,兰州,https://mp.weixin.qq.com/s/RPfahGQ_Gg483fv3Bah4BQ
215,MU2474,2020-01-21,武汉,兰州,https://m.weibo.cn/status/4468993358709936?openApp=1&lfid=sougousousuo_9999_01&wm=90091_90002&download=0
216,CZ3042,2020-01-21,迪拜,武汉,http://zwgk.hefei.gov.cn/public/19311/104668233.html
217,3476,2020-01-21,丽江,重庆,https://mp.weixin.qq.com/s?__biz=MzI0MTIxMDM1OA==&mid=2650583983&idx=2&sn=fbb9b1fa1dc770bcc0a59ae47af6d1c9
218,CA8279,2020-01-21,武汉,深圳,https://mp.weixin.qq.com/s?__biz=MzA5MDQyMjExNA==&mid=2651869354&idx=1&sn=4fbc0ba233b0351b53a2d23e904cf7cb
219,FD438,2020-01-21,泰国,三亚,https://mp.weixin.qq.com/s/vAP7K76x6btaGWiGgA8RlQ
220,9C8539,2020-01-21,武汉,韩国济州岛,https://mp.weixin.qq.com/s/vAP7K76x6btaGWiGgA8RlQ
221,CA8235,2020-01-21,武汉,海口,http://wst.hainan.gov.cn/swjw/rdzt/yqfk/202002/t20200206_2745040.html
222,HU7662,2020-01-21,武汉,海口,http://www.hinews.cn/news/system/2020/02/09/032274269.shtml
223,CA8275,2020-01-21,武汉,包头,https://weibo.com/1844967414/IsTGICNb9?refer_flag=1001030103_&type=comment#_rnd1580985371607
224,D7319,2020-01-21,天津,吉隆坡,https://news.html5.qq.com/share/714884605039251776
225,PN6220,2020-01-21,武汉,重庆,https://mp.weixin.qq.com/s/dc9iMX-UJm7k9UtH89mIvQ
226,TN6219,2020-01-21,武汉,福州,https://mp.weixin.qq.com/s/D1zhUKz8Gml2oaUXihm8Kw
227,8L9891,2020-01-21,武汉,大连,https://m.weibo.cn/status/4470759529357029?openApp=1&lfid=sougousousuo_9999_01&wm=90091_90002&download=0
228,0Q2330,2020-01-21,重庆,揭阳,https://mp.weixin.qq.com/s/qhq2GIYzk1Dia0Ylr26w9A
229,GS7688,2020-01-21,武汉,西安,http://www.sxdaily.com.cn/2020-02/03/content_8423104.html
230,DG6519,2020-01-21,宿务,杜马盖地,https://baijiahao.baidu.com/s?id=1657481968116148159&wfr=spider&for=pc
231,MU2671,2020-01-21,武汉,北海,http://wsjkw.gxzf.gov.cn/zhuantiqu/ncov/ncovfkgz/2020/0218/69007.html
232,MU749,2020-01-20,西安,悉尼,https://m.weibo.cn/status/4464861410679765?openApp=1&lfid=sougousousuo_9999_01&wm=90091_90002&download=0
233,JD5528,2020-01-20,武汉,青岛,https://mp.weixin.qq.com/s/f2DB2Ig3XdDqHvSuus6BoQ
234,CZ6317,2020-01-20,武汉,哈尔滨,https://m.weibo.cn/status/4464706486091832?openApp=1&lfid=sougousousuo_9999_01&wm=90091_90002&download=0
235,KY8288,2020-01-20,武汉,昆明,https://mp.weixin.qq.com/s/f2DB2Ig3XdDqHvSuus6BoQ
236,CZ6643,2020-01-20,武汉,北海,https://mp.weixin.qq.com/s/f2DB2Ig3XdDqHvSuus6BoQ
237,CZ6278,2020-01-20,武汉,哈尔滨,https://m.weibo.cn/status/4466344651635880?openApp=1&lfid=sougousousuo_9999_01&wm=90091_90002&download=0
238,HU7789,2020-01-20,武汉,沈阳,http://www.jms.gov.cn/html/index/content/2020/1/298247f12c1342f8a387152047a2627f.html
239,JD5628,2020-01-20,沈阳,武汉,https://m.weibo.cn/status/4466433385447534?openApp=1&lfid=sougousousuo_9999_01&wm=90091_90002&download=0
240,CA8223,2020-01-20,武汉,长春,https://m.weibo.cn/status/4467090209871710?openApp=1&lfid=sougousousuo_9999_01&wm=90091_90002&download=0
241,SC4933,2020-01-20,武汉,南宁,https://wap.peopleapp.com/article/5085466/4980514
242,HU7658,2020-01-20,武汉,海口,http://www.sanya.gov.cn/sanyasite/bmts/202002/49c36cef383142878630c600d8789682.shtml
243,ZH9855,2020-01-20,广州,南京,https://www.yangtse.com/zncontent/241771.html
244,MU2068,2020-01-20,合肥,乌鲁木齐,https://mp.weixin.qq.com/s/PEUCIGo8wfxIKGVv97H6nQ
245,MF8440,2020-01-20,武汉,大连,http://www.zgcy.gov.cn/ZGCY/zwgk/20200131/004001_44974b2c-b191-485a-8d9c-9edba5a9e32e.htm
246,8L9892,2020-01-20,武汉,昆明,https://m.weibo.cn/status/4468172252426532?openApp=1&lfid=sougousousuo_9999_01&wm=90091_90002&download=0
247,SC1176,2020-01-20,重庆,济南,https://m.weibo.cn/status/4468196750901012?openApp=1&lfid=sougousousuo_9999_01&wm=90091_90002&download=0
248,EU2712,2020-01-20,武汉,成都,http://www.sc.gov.cn/10462/c102251/2020/2/2/50d24dc91e6941c4a95aef809132246b.shtml
249,MU9689,2020-01-20,武汉,柳州,http://wsjkw.gxzf.gov.cn/gzdt/bt/2020/0201/68200.html
250,CZ6123,2020-01-20,北京,长春,http://www.liaoyuan.gov.cn/ztzl/yqfkjxs/202002/t20200202_420246.html
251,EU1814,2020-01-20,武汉,北海,http://wsjkw.gxzf.gov.cn/gzdt/bt/2020/0201/68200.html
252,MU2603,2020-01-20,武汉,恩施,http://www.lichuan.gov.cn/2020/0203/946747.shtml
253,HU7630,2020-01-20,武汉,太原,https://m.weibo.cn/status/4468748876564886?openApp=1&lfid=sougousousuo_9999_01&wm=90091_90002&download=0
254,SC1147,2020-01-20,重庆,济南,http://www.dazu.gov.cn/dzyw/zwyw/content_403106
255,MU2068,2020-01-20,合肥,乌鲁木齐,http://www.bingtuannet.com/c/2020-02-02/7322738.shtml
256,CZ3341,2020-01-20,武汉,海口,https://m.weibo.cn/5013553037/4469765827610266
257,CZ3786,2020-01-20,武汉,贵阳,https://m.weibo.cn/status/4470379961994735?openApp=1&lfid=sougousousuo_9999_01&wm=90091_90002&download=0
258,CZ623,2020-01-20,北京,长春,http://www.jl.gov.cn/szfzt/jlzxd/tzgg/202002/t20200208_6829045.html
259,CZ2830,2020-01-20,武汉,重庆,https://mp.weixin.qq.com/s/rUWpiqkjD80NAkHXtWqYsw
260,SC4826,2020-01-20,呼和浩特,天津滨海机场,https://m.weibo.cn/status/4471655517076783?openApp=1&lfid=sougousousuo_9999_01&wm=90091_90002&download=0
261,MU2438,2020-01-20,武汉,太原,https://weibo.com/3268152967/IsXTpa7EY?type=comment#_rnd1581218188257
262,MU2605,2020-01-20,武汉,缅甸曼德勒,https://weibo.com/1761616742/ItIvj6GgF?from=page_1001061761616742_profile&wvr=6&mod=weibotime&type=comment#_rnd1581674698737
263,MF825,2020-01-20,长乐机场,巴黎,http://www.taihainet.com/news/fujian/gcdt/2020-02-06/2352840.html
264,AF1004,2020-01-20,巴黎,罗马,http://www.taihainet.com/news/fujian/gcdt/2020-02-06/2352840.html
265,HU7398,2020-01-20,武汉,海口,http://www.haikou.gov.cn/pub/root9/mlqzf/MLQ31/202002/t20200206_1488094.htm
266,MU2539,2020-01-20,武汉,重庆,https://weibo.com/2010395287/IslHEpYA0?refer_flag=1001030103_&type=comment#_rnd1580634936881
267,MF8237,2020-01-19,武汉,银川,https://m.weibo.cn/status/4463606085353385?openApp=1&lfid=sougousousuo_9999_01&wm=90091_90002&download=0
268,JD5627,2020-01-19,三亚,沈阳,https://mp.weixin.qq.com/s/f2DB2Ig3XdDqHvSuus6BoQ
269,A67107,2020-01-19,昆明,青岛,https://mp.weixin.qq.com/s/f2DB2Ig3XdDqHvSuus6BoQ
270,CZ3441,2020-01-19,武汉,成都,https://static.cdsb.com/micropub/Articles/202001/6339113dbe8ea64e9a4484635e42556f.html
271,CZ3479,2020-01-19,郑州,南宁,https://mp.weixin.qq.com/s/tUgcAFhfLUkgs9sgDklZ5g
272,KA853,2020-01-19,武汉,香港,https://m.weibo.cn/status/4464405897272224?openApp=1&lfid=sougousousuo_9999_01&wm=90091_90002&download=0
273,OD688,2020-01-19,沙巴,天津,https://m.weibo.cn/status/4466063553540555?openApp=1&lfid=sougousousuo_9999_01&wm=90091_90002&download=0
274,JD5706,2020-01-19,武汉,海口,https://m.weibo.cn/status/4466411764546607?
275,CZ321,2020-01-19,广州,墨尔本,https://m.weibo.cn/status/4464967182599239?sudaref=10.134.36.41&display=0&retcode=6102
276,CA8255,2020-01-19,武汉,呼和浩特,https://m.weibo.cn/status/4466760327842009?openApp=1&lfid=sougousousuo_9999_01&wm=90091_90002&download=0
277,CA8275,2020-01-19,武汉,包头,https://m.weibo.cn/status/4465721997888432?openApp=1&lfid=sougousousuo_9999_01&wm=90091_90002&download=0
278,CA8296,2020-01-19,郑州,呼和浩特,https://mp.weixin.qq.com/s?__biz=MjM5MjAxNDM4MA==&mid=2666293696&idx=1&sn=bafde3f8af8daaadf4ce48e041113738&chksm=bdb400838ac3899583a2e271d5d2b84576bc1562515f9b9ae4f24d7edc4080ff948429555e6c&mpshare=1&scene=1&srcid=&sharer_sharetime=1580537081967&sharer_sh
279,HU7658,2020-01-19,武汉,海南,http://www.hkwb.net/news/content/2020-02/09/content_3845068.htm
280,SC4934,2020-01-19,武汉,济南,https://m.weibo.cn/status/4467461577562007?openApp=1&lfid=sougousousuo_9999_01&wm=90091_90002&download=0
281,MU2478,2020-01-19,武汉,锦州,http://www.zgcy.gov.cn/ZGCY/zwgk/20200131/004001_44974b2c-b191-485a-8d9c-9edba5a9e32e.htm
282,3U8052,2020-01-19,北海,成都,https://m.weibo.cn/status/4467859415846503?openApp=1&lfid=sougousousuo_9999_01&wm=90091_90002&download=0
283,CZ3137,2020-01-19,武汉,北京,https://wap.peopleapp.com/article/5093021/4988481
284,JD5840,2020-01-19,武汉,丽江,https://weibo.com/1662558237/IsmI1eaiG?refer_flag=1001030103_&type=comment#_rnd1580697608928
285,BK2786,2020-01-19,深圳,咸阳,http://www.yingkou.gov.cn/001/001002/001002001/20200204/c5fbbd0a-ec77-44cb-9951-90113d63614f.html
286,RY8940,2020-01-19,咸阳,南昌,http://www.yingkou.gov.cn/001/001002/001002001/20200204/c5fbbd0a-ec77-44cb-9951-90113d63614f.html
287,CZ2830,2020-01-19,武汉,重庆,https://weibo.com/2485664827/Isev0DicS?refer_flag=1001030103_&type=comment
288,HU7630,2020-01-19,武汉天河机场,太原武宿机场,http://www.ll.gov.cn/lvliang/202001/31856285.html
289,CZ3123,2020-01-19,长沙,北京,https://wap.peopleapp.com/article/rmh11215778/rmh11215778
290,CZ3469,2020-01-19,武汉,昆明,https://mp.weixin.qq.com/s/jNmhyIrb_h72qHrMYW96MA
291,CZ3341,2020-01-19,武汉,海口,https://mp.weixin.qq.com/s/7U80ASSAZOKnHW4wb5WXWw
292,CZ6425,2020-01-19,武汉,昆明,https://mp.weixin.qq.com/s/RPfahGQ_Gg483fv3Bah4BQ
293,CA8225,2020-01-19,武汉,大庆,https://weibo.com/1675961211/IsPb7g9FR?refer_flag=1001030103_&type=comment#_rnd1580974147836
294,CZ3643,2020-01-19,武汉,重庆,https://mp.weixin.qq.com/s/dc9iMX-UJm7k9UtH89mIvQ
295,CA1465,2020-01-19,北京,南宁,http://www.luzhai.gov.cn/doc/2020/02/12/257968.shtml
296,GY7120,2020-01-19,宜昌,贵阳,https://mp.weixin.qq.com/s/79gc1PkCXqvz4Fd73oNjeA
297,ZH8059,2020-01-19,无锡,日本名古屋,https://baijiahao.baidu.com/s?id=1658375864049106697&wfr=spider&for=pc
298,CZ3695,2020-01-19,武汉,长春,http://www.changchun.gov.cn/zw_33994/yw/zwdt_74/zwdt/202002/t20200209_2078163.html
299,JD5194,2020-01-19,武汉,三亚,https://m.weibo.cn/5681918507/4471177542255310
300,DR5302,2020-01-18,武汉,兰州,https://mp.weixin.qq.com/s/f2DB2Ig3XdDqHvSuus6BoQ
301,DR6562,2020-01-18,呼和浩特,沈阳,https://m.weibo.cn/status/4466412481704345?openApp=1&lfid=sougousousuo_9999_01&wm=90091_90002&download=0
302,MF8273,2020-01-18,武汉,西宁,https://m.weibo.cn/status/4465852110165431?openApp=1&lfid=sougousousuo_9999_01&wm=90091_90002&download=0
303,CZ3706,2020-01-18,长治,广州,https://m.weibo.cn/status/4464626299066382?openApp=1&lfid=sougousousuo_9999_01&wm=90091_90002&download=0
304,MU2657,2020-01-18,武汉,成都,https://m.weibo.cn/status/4466498498715953?openApp=1&lfid=sougousousuo_9999_01&wm=90091_90002&download=0
305,CZ6100,2020-01-18,曼谷,南宁,https://m.weibo.cn/status/4466732032704516?openApp=1&lfid=sougousousuo_9999_01&wm=90091_90002&download=0
306,NS3270,2020-01-18,昆明,石家庄,https://m.weibo.cn/status/4466844096691655?openApp=1&lfid=sougousousuo_9999_01&wm=90091_90002&download=0
307,MU2622,2020-01-18,武汉,广州,https://www.yangtse.com/zncontent/241771.html
308,CA8215,2020-01-18,临汾,北京,https://m.weibo.cn/status/4467613780606682?openApp=1&lfid=sougousousuo_9999_01&wm=90091_90002&download=0
309,GS7859,2020-01-18,武汉,海口,https://m.weibo.cn/status/4467994358524312?openApp=1&lfid=sougousousuo_9999_01&wm=90091_90002&download=0
310,CZ3357,2020-01-18,武汉,深圳,http://www.yingkou.gov.cn/001/001002/001002001/20200204/c5fbbd0a-ec77-44cb-9951-90113d63614f.html
311,CZ3441,2020-01-18,武汉,成都,https://mp.weixin.qq.com/s/nZs2FTneyJ2G-QibL_A0Cw
312,MU2474,2020-01-18,武汉,兰州,https://wap.peopleapp.com/article/rmh11221351/rmh11221351
313,HU7021,2020-01-18,海口,南京,https://m.weibo.cn/status/4468598229317444?openApp=1&lfid=sougousousuo_9999_01&wm=90091_90002&download=0
314,CZ3167,2020-01-18,天津,武汉,https://m.weibo.cn/status/4469296849985922?openApp=1&lfid=sougousousuo_9999_01&wm=90091_90002&download=0
315,CA1824,2020-01-18,宜昌,北京,https://weibo.com/2286908003/IsP7Xn287?refer_flag=1001030103_&type=comment#_rnd1580976383774
316,CZ6620,2020-01-18,,,https://weibo.com/2286908003/IsP7Xn287?refer_flag=1001030103_&type=comment#_rnd1580977167916
317,SL967,2020-01-18,新郑机场,泰国曼谷,https://m.weibo.cn/status/4469867782913139?
318,VJ8392,2020-01-18,越南,重庆,https://mp.weixin.qq.com/s/AqR6TPAo3G6nsTaciWbK9w
319,MU2510,2020-01-18,上海,武汉,http://zhumadian.mofcom.gov.cn/article/gonggao/202002/20200202933901.shtml
320,ZH457,2020-01-18,武汉,临汾,https://hb.jjj.qq.com/a/20200203/001492.htm
321,GS7895,2020-01-18,武汉,海口,https://baijiahao.baidu.com/s?id=1657513902064363124&wfr=spider&for=pc
322,CA1852,2020-01-18,台州,北京,http://12345.dt.gov.cn/article_detail.htm?articleId=7528&catalogId=0&itemId=4
323,KY3002,2020-01-18,昆明,太原,https://m.weibo.cn/status/4470186101145929?openApp=1&lfid=sougousousuo_9999_01&wm=90091_90002&download=0
324,SC4967,2020-01-18,浙江舟山,青岛,http://www.yishui.gov.cn/info/2846/174725.htm
325,CZ8504,2020-01-18,南京,贵阳,https://m.weibo.cn/1973634817/4473093349120860
326,MU8911,2020-01-18,台北,南京,https://m.weibo.cn/1973634817/4473093349120860
327,DR6594,2020-01-17,兰州,温州,https://m.weibo.cn/status/4465063744261801?openApp=1&lfid=sougousousuo_9999_01&wm=90091_90002&download=0
328,CA8283,2020-01-17,武汉,成都,https://static.cdsb.com/micropub/Articles/202001/6339113dbe8ea64e9a4484635e42556f.html
329,MU2651,2020-01-17,武汉,成都,https://static.cdsb.com/micropub/Articles/202001/6339113dbe8ea64e9a4484635e42556f.html
330,MU2168,2020-01-17,上海 ,西安,https://m.weibo.cn/status/4466777558253670?openApp=1&lfid=sougousousuo_9999_01&wm=90091_90002&download=0
331,SL8438,2020-01-17,泰国,海口,https://m.weibo.cn/3204782330/4466870977174755
332,8L9891,2020-01-17,武汉,大连,http://www.zgcy.gov.cn/ZGCY/zwgk/20200131/004001_44974b2c-b191-485a-8d9c-9edba5a9e32e.htm
333,CZ6488,2020-01-17,成都,大连,http://www.zgcy.gov.cn/ZGCY/zwgk/20200131/004001_44974b2c-b191-485a-8d9c-9edba5a9e32e.htm
334,CA8296,2020-01-17,郑州,呼和浩特,https://mp.weixin.qq.com/s/L_cEm-ZbpVO_J-vS5dlvdA
335,CZ6176,2020-01-17,重庆,武汉,https://m.weibo.cn/status/4467876381114504?openApp=1&lfid=sougousousuo_9999_01&wm=90091_90002&download=0
336,3U8252,2020-01-17,,重庆,https://m.weibo.cn/status/4468196750901012?openApp=1&lfid=sougousousuo_9999_01&wm=90091_90002&download=0
337,3U8986,2020-01-17,南通,成都,http://sc.people.com.cn/n2/2020/0130/c345509-33751564.html
338,PN6219,2020-01-17,武汉,长乐机场,http://minhou.fuzhou.gov.cn/xjwz/jrmh/mhxw/202002/t20200204_3194085.htm
339,9824,2020-01-17,武汉天河,丽江,https://mp.weixin.qq.com/s?__biz=MzI0MTIxMDM1OA==&mid=2650583983&idx=2&sn=fbb9b1fa1dc770bcc0a59ae47af6d1c9
340,CZ6513,2020-01-17,武汉,大连,http://ln.people.com.cn/BIG5/n2/2020/0208/c378317-33777520.html
341,CZ6022,2020-01-17,海口,广州,http://www.hq.xinhuanet.com/news/2020-02/07/c_1125543657.htm
342,KN2967,2020-01-17,北京,巴彦淖尔市,https://weibo.com/1844967414/IsTGICNb9?refer_flag=1001030103_&type=comment#_rnd1580985371607
343,CA8943,2020-01-17,大连,佳木斯,https://m.weibo.cn/status/4470759529357029?openApp=1&lfid=sougousousuo_9999_01&wm=90091_90002&download=0
344,7130,2020-01-17,武汉,毕节,https://mp.weixin.qq.com/s/79gc1PkCXqvz4Fd73oNjeA
345,HU7374,2020-01-17,长沙,福州,http://www.taihainet.com/news/fujian/gcdt/2020-02-06/2352840.html
346,MU216R,2020-01-17,上海,西安,https://baijiahao.baidu.com/s?id=1657215412263806469&wfr=spider&for=pc
347,9C6206,2020-01-16,曼谷,徐州,https://mp.weixin.qq.com/s/f2DB2Ig3XdDqHvSuus6BoQ
348,MU5688,2020-01-16,武汉,温州,https://m.weibo.cn/status/4465648131989752?openApp=1&lfid=sougousousuo_9999_01&wm=90091_90002&download=0
349,G52775,2020-01-16,呼和浩特,乌兰浩特,https://mp.weixin.qq.com/s/f2DB2Ig3XdDqHvSuus6BoQ
350,MU2481,2020-01-16,武汉,日照,https://mp.weixin.qq.com/s/1XPDZqRRdefnkSHbAVmmUg
351,DR6598,2020-01-16,武汉,沈阳,https://m.weibo.cn/status/4466412820956827?openApp=1&lfid=sougousousuo_9999_01&wm=90091_90002&download=0
352,CA8275,2020-01-16,武汉,包头,https://weibo.com/3919603060/IrnWMsJqI?refer_flag=1001030103_&type=commentousuo_9999_01&wm=90091_90002&download=0
353,FD439,2020-01-16,泰国,三亚,http://wst.hainan.gov.cn/swjw/rdzt/yqfk/202002/t20200201_2742529.html
354,HU7578,2020-01-16,武汉,三亚,https://mp.weixin.qq.com/s/7U80ASSAZOKnHW4wb5WXWw
355,CZ3189,2020-01-16,深圳,北京,https://wap.peopleapp.com/article/5104864/5001066
356,7582,2020-01-16,武汉,北京,http://zrgh.hengshui.gov.cn/art/2020/2/2/art_3028_208053.html
357,CZ8788,2020-01-16,南昌,海口,https://mp.weixin.qq.com/s/7U80ASSAZOKnHW4wb5WXWw
358,CA3643,2020-01-16,武汉,重庆,https://mp.weixin.qq.com/s/dc9iMX-UJm7k9UtH89mIvQ
359,CA1823,2020-01-16,,宜昌,https://weibo.com/2286908003/IsP7Xn287?refer_flag=1001030103_&type=comment#_rnd1580976383774
360,MU2013,2020-01-16,兰州,台湾,https://m.weibo.cn/status/4469293838371762?sourceType=dingding&from=10A1295010&wm=9847_0002&featurecode=newtitle
361,CZ6643,2020-01-15,武汉,北海,https://mp.weixin.qq.com/s/f2DB2Ig3XdDqHvSuus6BoQ
362,CA1646,2020-01-15,海口,呼和浩特,https://mp.weixin.qq.com/s/f2DB2Ig3XdDqHvSuus6BoQ
363,GJ8961,2020-01-15,长沙,西双版纳,https://m.weibo.cn/status/4466197594350654?openApp=1&lfid=sougousousuo_9999_01&wm=90091_90002&download=0
364,MU2517,2020-01-15,武汉,大连,https://m.weibo.cn/status/4466344810824622?openApp=1&lfid=sougousousuo_9999_01&wm=90091_90002&download=0
365,CA1538,2020-01-15,南昌,北京,https://m.weibo.cn/status/4466517314150489?sudaref=10.134.36.41&display=0&retcode=6102
366,MF8331,2020-01-15,武汉,南宁,https://m.weibo.cn/status/4465600107330535?display=0&retcode=6102
367,HU7658,2020-01-15,武汉,海口,https://mp.weixin.qq.com/s/gwwx7CFpyeVmSgv8ToZ51Q
368,MU9657,2020-01-15,武汉天河机场,西宁曹家堡机场,https://mp.weixin.qq.com/s/IsHJcfruf6mdMypnlOfeJA
369,CZ3168,2020-01-15,武汉,天津,https://m.weibo.cn/status/4467912247403557?sudaref=login.sina.com.cn
370,MU2356,2020-01-15,呼和浩特,陕西咸阳,https://mp.weixin.qq.com/s/RPfahGQ_Gg483fv3Bah4BQ
371,MF8315,2020-01-15,杭州,海口,https://m.weibo.cn/status/4469058324165644?openApp=1&lfid=sougousousuo_9999_01&wm=90091_90002&download=0
372,CZ6271,2020-01-15,长沙,三亚,http://www.hkwb.net/news/content/2020-02/09/content_3845068.htm
373,GS6557,2020-01-15,南昌,青岛,https://ijx.ifeng.com/8396578/news.shtml?&back
374,VJ8393,2020-01-15,重庆,越南,https://mp.weixin.qq.com/s/AqR6TPAo3G6nsTaciWbK9w
375,SC8751,2020-01-15,武汉,银川,https://weibo.com/3675657612/It7oxdIks
376,CN7169,2020-01-15,三亚,哈尔滨,https://baijiahao.baidu.com/s?id=1658065624228261837&wfr=spider&for=pc
377,MU5338,2020-01-15,深圳,上海虹桥,https://m.weibo.cn/status/4474684625780704?openApp=1&lfid=sougousousuo_9999_01&wm=90091_90002&download=0
378,CZ6433,2020-01-14,武汉,成都,http://www.zgcy.gov.cn/ZGCY/zwgk/20200131/004001_44974b2c-b191-485a-8d9c-9edba5a9e32e.htm
379,JD5222,2020-01-14,沈阳,石家庄,http://www.yingkou.gov.cn/001/001002/001002001/20200204/c5fbbd0a-ec77-44cb-9951-90113d63614f.html
380,CZ6651,2020-01-14,武汉,长春,http://www.liaoyuan.gov.cn/ztzl/yqfkjxs/202002/t20200201_419992.html
381,9C8619,2020-01-14,兰州,泰国,https://mp.weixin.qq.com/s/RPfahGQ_Gg483fv3Bah4BQ
382,CZ6317,2020-01-14,武汉,哈尔滨,https://weibo.com/1675961211/IsPb7g9FR?refer_flag=1001030103_&type=comment#_rnd1580974147836
383,CZ6099,2020-01-13,南宁,曼谷,https://m.weibo.cn/status/4466724554575441?openApp=1&lfid=sougousousuo_9999_01&wm=90091_90002&download=0
384,DR6598,2020-01-13,武汉,沈阳,http://www.zgcy.gov.cn/ZGCY/zwgk/20200131/004001_44974b2c-b191-485a-8d9c-9edba5a9e32e.htm
385,BK2820,2020-01-13,桂林,天津,http://www.zgcy.gov.cn/ZGCY/zwgk/20200131/004001_44974b2c-b191-485a-8d9c-9edba5a9e32e.htm
386,MF8135,2020-01-13,福州,武汉,https://mp.weixin.qq.com/s/gt3xUNRJnUvcko_S1cvKfg
387,CZ6176,2020-01-12,重庆,武汉,https://m.weibo.cn/2208446650/4467876381114504
388,CA1677,2020-01-12,天津,哈尔滨,https://weibo.com/1678528194/It5G4vqIf?refer_flag=1001030103_&type=comment#_rnd1581058249220
389,CA750,2020-01-12,曼谷,天津,https://weibo.com/1678528194/It5G4vqIf?refer_flag=1001030103_&type=comment#_rnd1581058249220
390,SL1439,2020-01-11,海口,泰国芭堤雅,http://wst.hainan.gov.cn/swjw/rdzt/yqfk/202001/t20200131_2742303.html
391,MU2991,2020-01-11,南京,大连,http://www.yingkou.gov.cn/001/001002/001002001/20200204/c5fbbd0a-ec77-44cb-9951-90113d63614f.html
392,FD439,2020-01-11,三亚,泰国,http://wst.hainan.gov.cn/swjw/rdzt/yqfk/202002/t20200201_2742529.html
393,CZ6426,2020-01-09,武汉,大连,http://www.zgcy.gov.cn/ZGCY/zwgk/20200131/004001_44974b2c-b191-485a-8d9c-9edba5a9e32e.htm
394,JD5626,2020-01-09,济南,云南,https://m.weibo.cn/status/4468345569009926?openApp=1&lfid=sougousousuo_9999_01&wm=90091_90002&download=0
395,G58512,2020-01-09,上海,呼和浩特,https://mp.weixin.qq.com/s/RPfahGQ_Gg483fv3Bah4BQ
396,MU2268,2020-01-08,重庆,西安,https://m.weibo.cn/status/4467876381114504?
397,CA1553,2020-01-08,呼和浩特,上海浦东,https://mp.weixin.qq.com/s/RPfahGQ_Gg483fv3Bah4BQ
398,CZ6277,2020-01-08,武汉,三亚,http://wst.hainan.gov.cn/swjw/rdzt/yqfk/202002/t20200202_2742827.html
399,HO1718,2020-01-07,沈阳,南京,http://www.yingkou.gov.cn/001/001002/001002001/20200204/c5fbbd0a-ec77-44cb-9951-90113d63614f.html
400,H01718,2020-01-07,沈阳,南京,http://www.sohu.com/a/370348853_164296
401,HU7654、CA1646,2020-01-06,乌兰浩特,海口 经停武汉,https://m.weibo.cn/status/4465834838073928?openApp=1&lfid=sougousousuo_9999_01&wm=90091_90002&download=0
402,MU2539,2020-01-06,武汉,重庆,https://m.weibo.cn/status/4467876381114504?
403,MU2540,2020-01-06,重庆,武汉,https://m.weibo.cn/status/4467876381114504?
404,CA749,2020-01-06,天津,曼谷,https://weibo.com/2458873097/IsLAheB1Z?refer_flag=1001030103_&type=comment#_rnd1580889708037
405,CA1678,2020-01-06,哈尔滨,天津,https://weibo.com/2458873097/IsLAheB1Z?refer_flag=1001030103_&type=comment#_rnd1580889708037
406,HU7034,2020-01-06,长沙,海口,http://ex.chinadaily.com.cn/exchange/partners/82/rss/channel/cn/columns/j3u3t6/stories/WS5e4399e0a3107bb6b579efdf.html
407,3U8509,2020-01-05,重庆,郑州,https://m.weibo.cn/status/4467876381114504?
408,CZ6176,2020-01-05,重庆,武汉,https://m.weibo.cn/status/4467876381114504?
409,CZ6175,2020-01-04,武汉,重庆,https://m.weibo.cn/status/4467876381114504?
410,HU7662,2020-01-02,武汉,海口,https://baijiahao.baidu.com/s?id=1657971315787390060&wfr=spider&for=pc
411,KY3004,2019-12-25,武汉,太原,https://m.weibo.cn/status/4470702092766888?openApp=1&lfid=sougousousuo_9999_01&wm=90091_90002&download=0
412,CZ6277,2019-12-12,武汉,三亚,http://lingshui.hainan.gov.cn/ywdt_57509/lsyw_57704/202002/t20200202_2742858.html
